id,alive,request,resolve,url,subdomain,level,cname,ip,public,cdn,port,status,reason,title,banner,cidr,asn,org,addr,isp,source
,,,,,,,,1.1.1.1,,,,,,,,,,,,,
,,,,,,,,1.1.1.1,,,,,,,,,,,,,
,,,,,,,,1.1.1.1,,,,,,,,,,,,,
,,,,,,,,1.1.1.1,,,,,,,,,,,,,
,,,,,,,,1.1.1.1,,,,,,,,,,,,,
,,,,,,,,1.1.1.1,,,,,,,,,,,,,
,,,,,,,,1.1.1.1,,,,,,,,,,,,,
,,,,,,,,1.1.1.1,,,,,,,,,,,,,
,,,,,,,,1.1.1.1,,,,,,,,,,,,,
,,,,,,,,1.1.1.1,,,,,,,,,,,,,
,,,,,,,,1.1.1.1,,,,,,,,,,,,,
,,,,,,,,1.1.1.1,,,,,,,,,,,,,
,,,,,,,,1.1.1.1,,,,,,,,,,,,,
,,,,,,,,1.1.1.1,,,,,,,,,,,,,
,,,,,,,,1.1.1.1,,,,,,,,,,,,,
